task_num,task_name,trial_type,trial_numxx,terminalfeedback_bool,rotation_angle,targetangle_deg,targetdistance_percmax,homex_px,homey_px,targetx_px,targety_px,time_sxx,mousex_px,mousey_px,cursorx_px,cursory_px
16,1,1,1,FALSE,-15,135,100,0,0,-395.9797975,395.9797975,1.059282064,9,-4,7.658056256,-6.193074711
16,1,1,1,FALSE,-15,135,100,0,0,-395.9797975,395.9797975,1.092109919,8,-2,7.20976852,-4.002404013
16,1,1,1,FALSE,-15,135,100,0,0,-395.9797975,395.9797975,1.125837088,7,-1,6.502661739,-2.777659142
16,1,1,1,FALSE,-15,135,100,0,0,-395.9797975,395.9797975,1.159420013,6,0,5.795554958,-1.552914271
16,1,1,1,FALSE,-15,135,100,0,0,-395.9797975,395.9797975,1.192699909,5,0,4.829629131,-1.294095226
16,1,1,1,FALSE,-15,135,100,0,0,-395.9797975,395.9797975,1.226103067,4,1,4.12252235,-0.069350354
16,1,1,1,FALSE,-15,135,100,0,0,-395.9797975,395.9797975,1.259057045,3,1,3.156596524,0.189468691
16,1,1,1,FALSE,-15,135,100,0,0,-395.9797975,395.9797975,1.292882919,3,1,3.156596524,0.189468691
16,1,1,1,FALSE,-15,135,100,0,0,-395.9797975,395.9797975,1.32605505,3,1,3.156596524,0.189468691
16,1,1,1,FALSE,-15,135,100,0,0,-395.9797975,395.9797975,1.358932972,3,1,3.156596524,0.189468691
16,1,1,1,FALSE,-15,135,100,0,0,-395.9797975,395.9797975,1.392910004,3,1,3.156596524,0.189468691
16,1,1,1,FALSE,-15,135,100,0,0,-395.9797975,395.9797975,1.426306009,3,1,3.156596524,0.189468691
16,1,1,1,FALSE,-15,135,100,0,0,-395.9797975,395.9797975,1.459480047,3,1,3.156596524,0.189468691
16,1,1,1,FALSE,-15,135,100,0,0,-395.9797975,395.9797975,1.493010998,3,1,3.156596524,0.189468691
16,1,1,1,FALSE,-15,135,100,0,0,-395.9797975,395.9797975,1.526307106,3,1,3.156596524,0.189468691
16,1,1,1,FALSE,-15,135,100,0,0,-395.9797975,395.9797975,1.55973506,3,1,3.156596524,0.189468691
16,1,1,1,FALSE,-15,135,100,0,0,-395.9797975,395.9797975,1.592940092,3,1,3.156596524,0.189468691
16,1,1,1,FALSE,-15,135,100,0,0,-395.9797975,395.9797975,1.626296043,1,2,1.483563916,1.673032607
16,1,1,1,FALSE,-15,135,100,0,0,-395.9797975,395.9797975,1.659109116,-4,4,-2.828427125,4.898979486
16,1,1,1,FALSE,-15,135,100,0,0,-395.9797975,395.9797975,1.693094015,-9,6,-7.140418166,8.124926364
16,1,1,1,FALSE,-15,135,100,0,0,-395.9797975,395.9797975,1.726541042,-17,11,-13.57372955,15.02510786
16,1,1,1,FALSE,-15,135,100,0,0,-395.9797975,395.9797975,1.759300947,-27,18,-21.4212545,24.37477909
16,1,1,1,FALSE,-15,135,100,0,0,-395.9797975,395.9797975,1.793175936,-37,25,-29.26877945,33.72445033
16,1,1,1,FALSE,-15,135,100,0,0,-395.9797975,395.9797975,1.826539993,-48,35,-37.30577308,46.23071809
16,1,1,1,FALSE,-15,135,100,0,0,-395.9797975,395.9797975,1.859942913,-60,47,-45.79105446,60.92765654
16,1,1,1,FALSE,-15,135,100,0,0,-395.9797975,395.9797975,1.892640114,-78,61,-59.5542527,79.10936092
16,1,1,1,FALSE,-15,135,100,0,0,-395.9797975,395.9797975,1.926673889,-96,75,-73.31745094,97.2910653
16,1,1,1,FALSE,-15,135,100,0,0,-395.9797975,395.9797975,1.960153103,-115,90,-87.78775596,116.6975146
16,1,1,1,FALSE,-15,135,100,0,0,-395.9797975,395.9797975,1.993047953,-133,108,-100.515678,138.7429222
16,1,1,1,FALSE,-15,135,100,0,0,-395.9797975,395.9797975,2.02669096,-155,126,-117.1073034,161.8236061
16,1,1,1,FALSE,-15,135,100,0,0,-395.9797975,395.9797975,2.060130119,-179,144,-135.6307804,185.4219281
16,1,1,1,FALSE,-15,135,100,0,0,-395.9797975,395.9797975,2.09333396,-204,162,-155.1201833,209.2790691
16,1,1,1,FALSE,-15,135,100,0,0,-395.9797975,395.9797975,2.126501083,-228,178,-174.1612984,230.9455394
16,1,1,1,FALSE,-15,135,100,0,0,-395.9797975,395.9797975,2.159477949,-255,201,-194.2884576,260.1499476
16,1,1,1,FALSE,-15,135,100,0,0,-395.9797975,395.9797975,2.19355607,-277,221,-210.3624449,285.1624831
16,1,1,1,FALSE,-15,135,100,0,0,-395.9797975,395.9797975,2.227025986,-308,248,-233.3180313,319.2658708
16,1,1,1,FALSE,-15,135,100,0,0,-395.9797975,395.9797975,2.260293007,-332,267,-251.5826893,343.8301186
16,1,1,1,FALSE,-15,135,100,0,0,-395.9797975,395.9797975,2.293567896,-360,288,-273.1934125,371.3614942
16,1,1,1,FALSE,-15,135,100,0,0,-395.9797975,395.9797975,2.326463938,-386,306,-293.6487411,395.4774543
16,1,1,1,FALSE,-15,135,100,0,0,-395.9797975,395.9797975,2.359529018,-406,322,-308.826153,416.1086484
16,1,1,1,FALSE,-15,135,100,0,0,-395.9797975,395.9797975,2.392905951,-428,339,-325.6765974,438.2234064
16,1,1,1,FALSE,-15,135,100,0,0,-395.9797975,395.9797975,2.426717997,-447,354,-340.1469024,457.6298557
16,1,1,1,FALSE,-15,135,100,0,0,-395.9797975,395.9797975,2.460323095,-458,361,-348.9603532,467.2383459
16,1,1,1,FALSE,-15,135,100,0,0,-395.9797975,395.9797975,2.493069887,-471,371,-358.9291984,480.2622518
16,1,1,1,FALSE,-15,135,100,0,0,-395.9797975,395.9797975,2.527133942,-482,379,-367.4838302,490.8366679
16,1,1,1,FALSE,-15,135,100,0,0,-395.9797975,395.9797975,2.560497999,-490,384,-373.9171416,497.7368494
16,1,1,1,FALSE,-15,135,100,0,0,-395.9797975,395.9797975,2.593879938,-493,385,-376.5561,499.4792324
16,1,1,1,FALSE,-15,135,100,0,0,-395.9797975,395.9797975,2.627171993,-494,385,-377.5220258,499.7380514
16,1,1,1,FALSE,-15,135,100,0,0,-395.9797975,395.9797975,2.660368919,-494,385,-377.5220258,499.7380514
16,1,1,1,FALSE,-15,135,100,0,0,-395.9797975,395.9797975,2.69324398,-494,385,-377.5220258,499.7380514
16,1,1,1,FALSE,-15,135,100,0,0,-395.9797975,395.9797975,2.727224112,-494,385,-377.5220258,499.7380514
16,1,1,1,FALSE,-15,135,100,0,0,-395.9797975,395.9797975,2.760602951,-494,385,-377.5220258,499.7380514
16,1,1,1,FALSE,-15,135,100,0,0,-395.9797975,395.9797975,2.793885946,-494,385,-377.5220258,499.7380514
16,1,1,1,FALSE,-15,135,100,0,0,-395.9797975,395.9797975,2.827333927,-494,385,-377.5220258,499.7380514
16,1,1,1,FALSE,-15,135,100,0,0,-395.9797975,395.9797975,2.860724926,-494,385,-377.5220258,499.7380514
16,1,1,1,FALSE,-15,135,100,0,0,-395.9797975,395.9797975,2.893655062,-494,385,-377.5220258,499.7380514
16,1,1,1,FALSE,-15,135,100,0,0,-395.9797975,395.9797975,2.927375078,-494,385,-377.5220258,499.7380514
16,1,1,1,FALSE,-15,135,100,0,0,-395.9797975,395.9797975,2.960756063,-494,385,-377.5220258,499.7380514
16,1,1,1,FALSE,-15,135,100,0,0,-395.9797975,395.9797975,2.993823051,-494,385,-377.5220258,499.7380514
16,1,1,1,FALSE,-15,135,100,0,0,-395.9797975,395.9797975,3.027539968,-494,385,-377.5220258,499.7380514
16,1,1,2,FALSE,-15,45,100,0,0,395.9797975,395.9797975,0.002062082,2,4,2.967127833,3.346065215
16,1,1,2,FALSE,-15,45,100,0,0,395.9797975,395.9797975,0.022179127,2,2,2.449489743,1.414213562
16,1,1,2,FALSE,-15,45,100,0,0,395.9797975,395.9797975,0.055922031,2,1,2.190670698,0.448287736
16,1,1,2,FALSE,-15,45,100,0,0,395.9797975,395.9797975,0.089250088,3,1,3.156596524,0.189468691
16,1,1,2,FALSE,-15,45,100,0,0,395.9797975,395.9797975,0.121979952,3,1,3.156596524,0.189468691
16,1,1,2,FALSE,-15,45,100,0,0,395.9797975,395.9797975,0.155970097,3,1,3.156596524,0.189468691
16,1,1,2,FALSE,-15,45,100,0,0,395.9797975,395.9797975,0.189262152,3,1,3.156596524,0.189468691
16,1,1,2,FALSE,-15,45,100,0,0,395.9797975,395.9797975,0.222169161,3,1,3.156596524,0.189468691
16,1,1,2,FALSE,-15,45,100,0,0,395.9797975,395.9797975,0.255359173,3,1,3.156596524,0.189468691
16,1,1,2,FALSE,-15,45,100,0,0,395.9797975,395.9797975,0.289323092,3,1,3.156596524,0.189468691
16,1,1,2,FALSE,-15,45,100,0,0,395.9797975,395.9797975,0.322715998,3,1,3.156596524,0.189468691
16,1,1,2,FALSE,-15,45,100,0,0,395.9797975,395.9797975,0.355550051,3,1,3.156596524,0.189468691
16,1,1,2,FALSE,-15,45,100,0,0,395.9797975,395.9797975,0.389554024,3,1,3.156596524,0.189468691
16,1,1,2,FALSE,-15,45,100,0,0,395.9797975,395.9797975,0.422780991,3,1,3.156596524,0.189468691
16,1,1,2,FALSE,-15,45,100,0,0,395.9797975,395.9797975,0.456114054,4,2,4.381341395,0.896575472
16,1,1,2,FALSE,-15,45,100,0,0,395.9797975,395.9797975,0.489456177,10,9,11.98862967,6.105141986
16,1,1,2,FALSE,-15,45,100,0,0,395.9797975,395.9797975,0.522768974,18,17,21.78658864,11.76199624
16,1,1,2,FALSE,-15,45,100,0,0,395.9797975,395.9797975,0.556025028,27,27,33.06811153,19.09188309
16,1,1,2,FALSE,-15,45,100,0,0,395.9797975,395.9797975,0.589544058,35,37,43.38370859,26.68058899
16,1,1,2,FALSE,-15,45,100,0,0,395.9797975,395.9797975,0.622369051,48,54,60.3406681,39.73668045
16,1,1,2,FALSE,-15,45,100,0,0,395.9797975,395.9797975,0.656249046,63,71,79.22947926,52.27513383
16,1,1,2,FALSE,-15,45,100,0,0,395.9797975,395.9797975,0.689831018,77,87,96.89354555,64.10648041
16,1,1,2,FALSE,-15,45,100,0,0,395.9797975,395.9797975,0.72313714,99,116,125.649666,86.42431038
16,1,1,2,FALSE,-15,45,100,0,0,395.9797975,395.9797975,0.756440163,120,138,151.6281274,102.2394786
16,1,1,2,FALSE,-15,45,100,0,0,395.9797975,395.9797975,0.7897861,140,165,177.9347581,123.143095
16,1,1,2,FALSE,-15,45,100,0,0,395.9797975,395.9797975,0.82269311,161,194,205.7249528,145.719744
16,1,1,2,FALSE,-15,45,100,0,0,395.9797975,395.9797975,0.856554031,181,220,231.7727645,165.6574346
16,1,1,2,FALSE,-15,45,100,0,0,395.9797975,395.9797975,0.889851093,206,253,264.4619386,191.0625108
16,1,1,2,FALSE,-15,45,100,0,0,395.9797975,395.9797975,0.923110962,227,281,291.9933142,212.6732339
16,1,1,2,FALSE,-15,45,100,0,0,395.9797975,395.9797975,0.955994129,252,313,324.4236693,237.1123843
16,1,1,2,FALSE,-15,45,100,0,0,395.9797975,395.9797975,0.989942074,276,345,355.8880986,261.8103536
16,1,1,2,FALSE,-15,45,100,0,0,395.9797975,395.9797975,1.023429155,299,374,385.6101449,283.8693645
16,1,1,2,FALSE,-15,45,100,0,0,395.9797975,395.9797975,1.05637908,319,397,410.8814995,300.9092776
16,1,1,2,FALSE,-15,45,100,0,0,395.9797975,395.9797975,1.090080023,332,412,427.3208209,312.0335175
16,1,1,2,FALSE,-15,45,100,0,0,395.9797975,395.9797975,1.123476028,345,426,443.5013233,322.1918314
16,1,1,2,FALSE,-15,45,100,0,0,395.9797975,395.9797975,1.156630993,354,436,454.7828462,329.5217183
16,1,1,2,FALSE,-15,45,100,0,0,395.9797975,395.9797975,1.190119028,356,440,457.749974,332.8677835
16,1,1,2,FALSE,-15,45,100,0,0,395.9797975,395.9797975,1.223549128,358,443,460.4582828,335.2479229
16,1,1,2,FALSE,-15,45,100,0,0,395.9797975,395.9797975,1.256587029,358,443,460.4582828,335.2479229
16,1,1,2,FALSE,-15,45,100,0,0,395.9797975,395.9797975,1.290192127,358,443,460.4582828,335.2479229
16,1,1,2,FALSE,-15,45,100,0,0,395.9797975,395.9797975,1.323563099,358,443,460.4582828,335.2479229
16,1,1,2,FALSE,-15,45,100,0,0,395.9797975,395.9797975,1.356781006,358,443,460.4582828,335.2479229
16,1,1,2,FALSE,-15,45,100,0,0,395.9797975,395.9797975,1.390155077,358,443,460.4582828,335.2479229
16,1,1,2,FALSE,-15,45,100,0,0,395.9797975,395.9797975,1.423627138,358,443,460.4582828,335.2479229
16,1,1,2,FALSE,-15,45,100,0,0,395.9797975,395.9797975,1.456940174,362,445,464.8396242,336.1444984
16,1,1,2,FALSE,-15,45,100,0,0,395.9797975,395.9797975,1.489925146,368,448,471.4116363,337.4893616
16,1,1,2,FALSE,-15,45,100,0,0,395.9797975,395.9797975,1.523756027,369,449,472.6363812,338.1964684
16,1,1,2,FALSE,-15,45,100,0,0,395.9797975,395.9797975,1.557154179,369,449,472.6363812,338.1964684
16,1,1,2,FALSE,-15,45,100,0,0,395.9797975,395.9797975,1.590372086,369,449,472.6363812,338.1964684
16,1,1,2,FALSE,-15,45,100,0,0,395.9797975,395.9797975,1.62371707,369,449,472.6363812,338.1964684
16,1,1,2,FALSE,-15,45,100,0,0,395.9797975,395.9797975,1.657116175,369,449,472.6363812,338.1964684
16,1,1,2,FALSE,-15,45,100,0,0,395.9797975,395.9797975,1.69038415,369,449,472.6363812,338.1964684
16,1,1,2,FALSE,-15,45,100,0,0,395.9797975,395.9797975,1.723852158,369,449,472.6363812,338.1964684
16,1,1,2,FALSE,-15,45,100,0,0,395.9797975,395.9797975,1.757004976,369,449,472.6363812,338.1964684
16,1,1,2,FALSE,-15,45,100,0,0,395.9797975,395.9797975,1.790408134,369,449,472.6363812,338.1964684
16,1,1,2,FALSE,-15,45,100,0,0,395.9797975,395.9797975,1.823410034,369,449,472.6363812,338.1964684
16,1,1,2,FALSE,-15,45,100,0,0,395.9797975,395.9797975,1.857439041,369,449,472.6363812,338.1964684
16,1,1,2,FALSE,-15,45,100,0,0,395.9797975,395.9797975,1.890702963,369,449,472.6363812,338.1964684
16,1,1,2,FALSE,-15,45,100,0,0,395.9797975,395.9797975,1.923918009,369,449,472.6363812,338.1964684
16,1,1,2,FALSE,-15,45,100,0,0,395.9797975,395.9797975,1.957249165,369,449,472.6363812,338.1964684
16,1,1,3,FALSE,-15,90,100,0,0,3.43E-14,560,0.002125978,8,-4,6.69213043,-5.934255666
16,1,1,3,FALSE,-15,90,100,0,0,3.43E-14,560,0.038305998,3,-7,1.086044163,-7.537937919
16,1,1,3,FALSE,-15,90,100,0,0,3.43E-14,560,0.07171607,-1,-9,-3.295297232,-8.434513392
16,1,1,3,FALSE,-15,90,100,0,0,3.43E-14,560,0.105117083,-4,-10,-6.451893756,-8.623982082
16,1,1,3,FALSE,-15,90,100,0,0,3.43E-14,560,0.138034105,-4,-10,-6.451893756,-8.623982082
16,1,1,3,FALSE,-15,90,100,0,0,3.43E-14,560,0.171836138,-4,-10,-6.451893756,-8.623982082
16,1,1,3,FALSE,-15,90,100,0,0,3.43E-14,560,0.205135107,-4,-10,-6.451893756,-8.623982082
16,1,1,3,FALSE,-15,90,100,0,0,3.43E-14,560,0.238518,-4,-10,-6.451893756,-8.623982082
16,1,1,3,FALSE,-15,90,100,0,0,3.43E-14,560,0.271643162,-4,-10,-6.451893756,-8.623982082
16,1,1,3,FALSE,-15,90,100,0,0,3.43E-14,560,0.305158138,-4,-10,-6.451893756,-8.623982082
16,1,1,3,FALSE,-15,90,100,0,0,3.43E-14,560,0.337926149,-4,-10,-6.451893756,-8.623982082
16,1,1,3,FALSE,-15,90,100,0,0,3.43E-14,560,0.371984005,-4,-10,-6.451893756,-8.623982082
16,1,1,3,FALSE,-15,90,100,0,0,3.43E-14,560,0.405312061,-4,-9,-6.193074711,-7.658056256
16,1,1,3,FALSE,-15,90,100,0,0,3.43E-14,560,0.438302994,-6,-1,-6.054374003,0.586988444
16,1,1,3,FALSE,-15,90,100,0,0,3.43E-14,560,0.472114086,-7,9,-4.432109378,10.50506575
16,1,1,3,FALSE,-15,90,100,0,0,3.43E-14,560,0.505363941,-8,22,-2.033387618,23.32092054
16,1,1,3,FALSE,-15,90,100,0,0,3.43E-14,560,0.538707018,-10,36,-0.341772639,37.3615202
16,1,1,3,FALSE,-15,90,100,0,0,3.43E-14,560,0.572113037,-12,61,4.196851836,62.02730394
16,1,1,3,FALSE,-15,90,100,0,0,3.43E-14,560,0.605530977,-15,87,8.02836953,87.91783256
16,1,1,3,FALSE,-15,90,100,0,0,3.43E-14,560,0.638534069,-20,110,9.151578436,111.4282218
16,1,1,3,FALSE,-15,90,100,0,0,3.43E-14,560,0.672145128,-25,138,11.56888257,139.7682402
16,1,1,3,FALSE,-15,90,100,0,0,3.43E-14,560,0.705542088,-31,166,13.02026087,168.3670776
16,1,1,3,FALSE,-15,90,100,0,0,3.43E-14,560,0.738656044,-38,206,16.61154189,208.8158439
16,1,1,3,FALSE,-15,90,100,0,0,3.43E-14,560,0.772184134,-44,240,19.61583447,243.2102363
16,1,1,3,FALSE,-15,90,100,0,0,3.43E-14,560,0.805320024,-49,283,25.91542428,286.0391421
16,1,1,3,FALSE,-15,90,100,0,0,3.43E-14,560,0.839015007,-53,326,33.18093991,328.6092288
16,1,1,3,FALSE,-15,90,100,0,0,3.43E-14,560,0.872318029,-59,362,36.70287058,364.9354728
16,1,1,3,FALSE,-15,90,100,0,0,3.43E-14,560,0.905482054,-66,401,40.03533255,404.4183133
16,1,1,3,FALSE,-15,90,100,0,0,3.43E-14,560,0.938796997,-72,438,43.81608226,441.7104832
16,1,1,3,FALSE,-15,90,100,0,0,3.43E-14,560,0.971697092,-78,470,46.30273675,474.1730239
16,1,1,3,FALSE,-15,90,100,0,0,3.43E-14,560,1.005700111,-84,504,49.30702932,508.5674162
16,1,1,3,FALSE,-15,90,100,0,0,3.43E-14,560,1.039196014,-88,536,53.72553546,540.5123189
16,1,1,3,FALSE,-15,90,100,0,0,3.43E-14,560,1.07218194,-92,567,57.88522255,571.4912957
16,1,1,3,FALSE,-15,90,100,0,0,3.43E-14,560,1.105854988,-95,590,60.94028311,594.4840468
16,1,1,3,FALSE,-15,90,100,0,0,3.43E-14,560,1.139245033,-98,615,64.51298176,619.4086496
16,1,1,3,FALSE,-15,90,100,0,0,3.43E-14,560,1.172213078,-100,633,67.23987292,637.3129526
16,1,1,3,FALSE,-15,90,100,0,0,3.43E-14,560,1.205901146,-102,645,68.41384981,649.4217006
16,1,1,3,FALSE,-15,90,100,0,0,3.43E-14,560,1.239138126,-102,658,71.7784974,661.9787363
16,1,1,3,FALSE,-15,90,100,0,0,3.43E-14,560,1.27195406,-103,665,72.62430489,668.9990361
16,1,1,3,FALSE,-15,90,100,0,0,3.43E-14,560,1.305985928,-103,668,73.40076202,671.8968136
16,1,1,3,FALSE,-15,90,100,0,0,3.43E-14,560,1.339373112,-103,668,73.40076202,671.8968136
16,1,1,3,FALSE,-15,90,100,0,0,3.43E-14,560,1.372725964,-103,668,73.40076202,671.8968136
16,1,1,3,FALSE,-15,90,100,0,0,3.43E-14,560,1.405998945,-103,668,73.40076202,671.8968136
16,1,1,3,FALSE,-15,90,100,0,0,3.43E-14,560,1.438802004,-103,667,73.14194298,670.9308878
16,1,1,3,FALSE,-15,90,100,0,0,3.43E-14,560,1.472748041,-103,667,73.14194298,670.9308878
16,1,1,3,FALSE,-15,90,100,0,0,3.43E-14,560,1.506117105,-103,667,73.14194298,670.9308878
16,1,1,3,FALSE,-15,90,100,0,0,3.43E-14,560,1.539381981,-103,667,73.14194298,670.9308878
16,1,1,3,FALSE,-15,90,100,0,0,3.43E-14,560,1.572659969,-103,667,73.14194298,670.9308878
16,1,1,3,FALSE,-15,90,100,0,0,3.43E-14,560,1.605478048,-103,667,73.14194298,670.9308878
16,1,1,3,FALSE,-15,90,100,0,0,3.43E-14,560,1.639502048,-103,667,73.14194298,670.9308878
16,1,1,3,FALSE,-15,90,100,0,0,3.43E-14,560,1.672958136,-103,667,73.14194298,670.9308878
16,1,1,3,FALSE,-15,90,100,0,0,3.43E-14,560,1.706298113,-103,667,73.14194298,670.9308878
16,1,1,3,FALSE,-15,90,100,0,0,3.43E-14,560,1.739582062,-103,667,73.14194298,670.9308878
16,1,1,4,FALSE,-15,90,100,0,0,3.43E-14,560,0.002151966,10,1,9.918077308,-1.622264625
16,1,1,4,FALSE,-15,90,100,0,0,3.43E-14,560,0.038297176,8,-2,7.20976852,-4.002404013
16,1,1,4,FALSE,-15,90,100,0,0,3.43E-14,560,0.071378946,6,-3,5.019097822,-4.450691749
16,1,1,4,FALSE,-15,90,100,0,0,3.43E-14,560,0.104817152,5,-4,3.794352951,-5.157798531
16,1,1,4,FALSE,-15,90,100,0,0,3.43E-14,560,0.13827014,4,-4,2.828427125,-4.898979486
16,1,1,4,FALSE,-15,90,100,0,0,3.43E-14,560,0.171280146,4,-4,2.828427125,-4.898979486
16,1,1,4,FALSE,-15,90,100,0,0,3.43E-14,560,0.204905987,4,-4,2.828427125,-4.898979486
16,1,1,4,FALSE,-15,90,100,0,0,3.43E-14,560,0.238252163,4,-4,2.828427125,-4.898979486
16,1,1,4,FALSE,-15,90,100,0,0,3.43E-14,560,0.27129817,4,-4,2.828427125,-4.898979486
16,1,1,4,FALSE,-15,90,100,0,0,3.43E-14,560,0.304468155,4,-4,2.828427125,-4.898979486
16,1,1,4,FALSE,-15,90,100,0,0,3.43E-14,560,0.337748051,4,-4,2.828427125,-4.898979486
16,1,1,4,FALSE,-15,90,100,0,0,3.43E-14,560,0.371595144,4,-4,2.828427125,-4.898979486
16,1,1,4,FALSE,-15,90,100,0,0,3.43E-14,560,0.405133963,4,-3,3.08724617,-3.933053659
16,1,1,4,FALSE,-15,90,100,0,0,3.43E-14,560,0.438431025,2,4,2.967127833,3.346065215
16,1,1,4,FALSE,-15,90,100,0,0,3.43E-14,560,0.471259117,0,17,4.399923767,16.42073905
16,1,1,4,FALSE,-15,90,100,0,0,3.43E-14,560,0.505098104,-2,29,5.573900655,28.52948705
16,1,1,4,FALSE,-15,90,100,0,0,3.43E-14,560,0.538645029,-4,55,10.37134418,54.16119663
16,1,1,4,FALSE,-15,90,100,0,0,3.43E-14,560,0.571928978,-8,76,11.94284082,75.48091516
16,1,1,4,FALSE,-15,90,100,0,0,3.43E-14,560,0.605293989,-13,97,12.54841163,97.05945274
16,1,1,4,FALSE,-15,90,100,0,0,3.43E-14,560,0.638607979,-19,118,12.18805662,118.8968094
16,1,1,4,FALSE,-15,90,100,0,0,3.43E-14,560,0.671487093,-25,145,13.38061588,146.5297209
16,1,1,4,FALSE,-15,90,100,0,0,3.43E-14,560,0.70533514,-30,177,16.83319619,178.7334426
16,1,1,4,FALSE,-15,90,100,0,0,3.43E-14,560,0.738614082,-34,209,21.25170233,210.6783452
16,1,1,4,FALSE,-15,90,100,0,0,3.43E-14,560,0.771553993,-39,250,27.03365405,251.5753993
16,1,1,4,FALSE,-15,90,100,0,0,3.43E-14,560,0.805356026,-44,290,32.55678672,291.5065276
16,1,1,4,FALSE,-15,90,100,0,0,3.43E-14,560,0.838819981,-49,325,36.78582417,326.6080268
16,1,1,4,FALSE,-15,90,100,0,0,3.43E-14,560,0.872102022,-57,369,40.44645554,371.1793155
16,1,1,4,FALSE,-15,90,100,0,0,3.43E-14,560,0.905112982,-63,402,43.19192908,404.607782
16,1,1,4,FALSE,-15,90,100,0,0,3.43E-14,560,0.938940048,-69,441,47.49031688,443.8318035
16,1,1,4,FALSE,-15,90,100,0,0,3.43E-14,560,0.972215176,-76,474,49.26986458,477.5190891
16,1,1,4,FALSE,-15,90,100,0,0,3.43E-14,560,1.005526066,-85,511,50.15283681,515.5877161
16,1,1,4,FALSE,-15,90,100,0,0,3.43E-14,560,1.038836956,-92,547,52.70884165,552.1727791
16,1,1,4,FALSE,-15,90,100,0,0,3.43E-14,560,1.072324991,-99,574,52.93547509,580.0645098
16,1,1,4,FALSE,-15,90,100,0,0,3.43E-14,560,1.105682135,-107,604,52.97263983,611.1128369
16,1,1,4,FALSE,-15,90,100,0,0,3.43E-14,560,1.139014959,-112,630,54.87230587,637.5210036
16,1,1,4,FALSE,-15,90,100,0,0,3.43E-14,560,1.172312021,-117,653,55.99551478,661.0313928
16,1,1,4,FALSE,-15,90,100,0,0,3.43E-14,560,1.205523968,-120,668,56.98002297,676.2967374
16,1,1,4,FALSE,-15,90,100,0,0,3.43E-14,560,1.239119053,-122,682,58.67163795,690.337337
16,1,1,4,FALSE,-15,90,100,0,0,3.43E-14,560,1.272390127,-124,694,59.84561484,702.446085
16,1,1,4,FALSE,-15,90,100,0,0,3.43E-14,560,1.305706024,-124,701,61.65734816,709.2075658
16,1,1,4,FALSE,-15,90,100,0,0,3.43E-14,560,1.338999987,-125,703,61.20906042,711.3982365
16,1,1,4,FALSE,-15,90,100,0,0,3.43E-14,560,1.372276068,-125,703,61.20906042,711.3982365
16,1,1,4,FALSE,-15,90,100,0,0,3.43E-14,560,1.405240059,-125,703,61.20906042,711.3982365
16,1,1,4,FALSE,-15,90,100,0,0,3.43E-14,560,1.438961029,-125,703,61.20906042,711.3982365
16,1,1,4,FALSE,-15,90,100,0,0,3.43E-14,560,1.472538948,-125,703,61.20906042,711.3982365
16,1,1,4,FALSE,-15,90,100,0,0,3.43E-14,560,1.505934954,-125,703,61.20906042,711.3982365
16,1,1,4,FALSE,-15,90,100,0,0,3.43E-14,560,1.539318085,-125,703,61.20906042,711.3982365
16,1,1,4,FALSE,-15,90,100,0,0,3.43E-14,560,1.572538137,-125,703,61.20906042,711.3982365
16,1,1,4,FALSE,-15,90,100,0,0,3.43E-14,560,1.605395079,-125,703,61.20906042,711.3982365
16,1,1,4,FALSE,-15,90,100,0,0,3.43E-14,560,1.63944912,-125,703,61.20906042,711.3982365
16,1,1,4,FALSE,-15,90,100,0,0,3.43E-14,560,1.672745943,-125,703,61.20906042,711.3982365
16,1,1,4,FALSE,-15,90,100,0,0,3.43E-14,560,1.705863953,-125,703,61.20906042,711.3982365
16,1,1,4,FALSE,-15,90,100,0,0,3.43E-14,560,1.739485979,-125,703,61.20906042,711.3982365
16,1,1,4,FALSE,-15,90,100,0,0,3.43E-14,560,1.772839069,-125,703,61.20906042,711.3982365
16,1,1,5,FALSE,-15,45,100,0,0,395.9797975,395.9797975,0.001924992,-12,-4,-12.6263861,-0.757874764
16,1,1,5,FALSE,-15,45,100,0,0,395.9797975,395.9797975,0.055022955,-10,-8,-11.72981062,-5.139216159
16,1,1,5,FALSE,-15,45,100,0,0,395.9797975,395.9797975,0.088263035,-8,-9,-10.05677802,-6.622780076
16,1,1,5,FALSE,-15,45,100,0,0,395.9797975,395.9797975,0.121488094,-8,-9,-10.05677802,-6.622780076
16,1,1,5,FALSE,-15,45,100,0,0,395.9797975,395.9797975,0.15439105,-8,-9,-10.05677802,-6.622780076
16,1,1,5,FALSE,-15,45,100,0,0,395.9797975,395.9797975,0.187773943,-8,-9,-10.05677802,-6.622780076
16,1,1,5,FALSE,-15,45,100,0,0,395.9797975,395.9797975,0.221052885,-8,-9,-10.05677802,-6.622780076
16,1,1,5,FALSE,-15,45,100,0,0,395.9797975,395.9797975,0.254239082,-8,-9,-10.05677802,-6.622780076
16,1,1,5,FALSE,-15,45,100,0,0,395.9797975,395.9797975,0.288305044,-8,-9,-10.05677802,-6.622780076
16,1,1,5,FALSE,-15,45,100,0,0,395.9797975,395.9797975,0.321609974,-8,-9,-10.05677802,-6.622780076
16,1,1,5,FALSE,-15,45,100,0,0,395.9797975,395.9797975,0.355139017,-8,-9,-10.05677802,-6.622780076
16,1,1,5,FALSE,-15,45,100,0,0,395.9797975,395.9797975,0.388431072,-7,-7,-8.5732141,-4.949747468
16,1,1,5,FALSE,-15,45,100,0,0,395.9797975,395.9797975,0.42179203,-1,3,-0.189468691,3.156596524
16,1,1,5,FALSE,-15,45,100,0,0,395.9797975,395.9797975,0.45528698,11,17,15.02510786,13.57372955
16,1,1,5,FALSE,-15,45,100,0,0,395.9797975,395.9797975,0.488475084,22,33,29.79139667,26.18153328
16,1,1,5,FALSE,-15,45,100,0,0,395.9797975,395.9797975,0.522000074,37,51,48.93902687,39.68591247
16,1,1,5,FALSE,-15,45,100,0,0,395.9797975,395.9797975,0.555335045,57,74,74.21038144,56.72582557
16,1,1,5,FALSE,-15,45,100,0,0,395.9797975,395.9797975,0.58856988,80,100,103.1559706,75.88705902
16,1,1,5,FALSE,-15,45,100,0,0,395.9797975,395.9797975,0.621959925,101,122,129.134432,91.70222725
16,1,1,5,FALSE,-15,45,100,0,0,395.9797975,395.9797975,0.654809952,126,148,160.0118728,110.3458226
16,1,1,5,FALSE,-15,45,100,0,0,395.9797975,395.9797975,0.688194036,153,176,193.3388034,130.4036315
16,1,1,5,FALSE,-15,45,100,0,0,395.9797975,395.9797975,0.721360922,179,203,225.4409891,149.7543337
16,1,1,5,FALSE,-15,45,100,0,0,395.9797975,395.9797975,0.754739046,210,234,263.4080801,171.6746439
16,1,1,5,FALSE,-15,45,100,0,0,395.9797975,395.9797975,0.788038969,243,268,304.0834799,195.9750935
16,1,1,5,FALSE,-15,45,100,0,0,395.9797975,395.9797975,0.821588039,277,303,345.9836245,220.9826499
16,1,1,5,FALSE,-15,45,100,0,0,395.9797975,395.9797975,0.854995012,307,333,382.7259707,242.1958533
16,1,1,5,FALSE,-15,45,100,0,0,395.9797975,395.9797975,0.88885808,344,365,426.7474357,263.5291751
16,1,1,5,FALSE,-15,45,100,0,0,395.9797975,395.9797975,0.92218709,381,397,470.7689007,284.8624969
16,1,1,5,FALSE,-15,45,100,0,0,395.9797975,395.9797975,0.955379009,407,423,502.6122674,303.2472732
16,1,1,5,FALSE,-15,45,100,0,0,395.9797975,395.9797975,0.988328934,430,446,530.7813994,319.5107291
16,1,1,5,FALSE,-15,45,100,0,0,395.9797975,395.9797975,1.022289991,445,459,548.6349344,328.1854792
16,1,1,5,FALSE,-15,45,100,0,0,395.9797975,395.9797975,1.05566597,458,470,564.0389796,335.4460157
16,1,1,5,FALSE,-15,45,100,0,0,395.9797975,395.9797975,1.088717937,464,475,571.1286298,338.7227306
16,1,1,5,FALSE,-15,45,100,0,0,395.9797975,395.9797975,1.122481108,465,476,572.3533747,339.4298373
16,1,1,5,FALSE,-15,45,100,0,0,395.9797975,395.9797975,1.155688047,465,476,572.3533747,339.4298373
16,1,1,5,FALSE,-15,45,100,0,0,395.9797975,395.9797975,1.188515902,465,476,572.3533747,339.4298373
16,1,1,5,FALSE,-15,45,100,0,0,395.9797975,395.9797975,1.222462893,465,476,572.3533747,339.4298373
16,1,1,5,FALSE,-15,45,100,0,0,395.9797975,395.9797975,1.255795956,465,476,572.3533747,339.4298373
16,1,1,5,FALSE,-15,45,100,0,0,395.9797975,395.9797975,1.28854394,465,476,572.3533747,339.4298373
16,1,1,5,FALSE,-15,45,100,0,0,395.9797975,395.9797975,1.322550058,465,476,572.3533747,339.4298373
16,1,1,5,FALSE,-15,45,100,0,0,395.9797975,395.9797975,1.355921984,465,476,572.3533747,339.4298373
16,1,1,5,FALSE,-15,45,100,0,0,395.9797975,395.9797975,1.388874054,465,476,572.3533747,339.4298373
16,1,1,5,FALSE,-15,45,100,0,0,395.9797975,395.9797975,1.42248702,465,476,572.3533747,339.4298373
16,1,1,5,FALSE,-15,45,100,0,0,395.9797975,395.9797975,1.455925941,465,476,572.3533747,339.4298373
16,1,1,5,FALSE,-15,45,100,0,0,395.9797975,395.9797975,1.48902607,466,476,573.3193005,339.1710183
16,1,1,5,FALSE,-15,45,100,0,0,395.9797975,395.9797975,1.522099018,466,476,573.3193005,339.1710183
16,1,1,5,FALSE,-15,45,100,0,0,395.9797975,395.9797975,1.555355072,466,476,573.3193005,339.1710183
16,1,1,6,FALSE,-15,135,100,0,0,-395.9797975,395.9797975,0.001621962,7,-2,6.243842694,-3.743584968
16,1,1,6,FALSE,-15,135,100,0,0,-395.9797975,395.9797975,0.020742893,7,-2,6.243842694,-3.743584968
16,1,1,6,FALSE,-15,135,100,0,0,-395.9797975,395.9797975,0.054620981,7,-2,6.243842694,-3.743584968
16,1,1,6,FALSE,-15,135,100,0,0,-395.9797975,395.9797975,0.088059902,7,-2,6.243842694,-3.743584968
16,1,1,6,FALSE,-15,135,100,0,0,-395.9797975,395.9797975,0.121438026,7,-2,6.243842694,-3.743584968
16,1,1,6,FALSE,-15,135,100,0,0,-395.9797975,395.9797975,0.154510021,7,-2,6.243842694,-3.743584968
16,1,1,6,FALSE,-15,135,100,0,0,-395.9797975,395.9797975,0.188205957,7,-2,6.243842694,-3.743584968
16,1,1,6,FALSE,-15,135,100,0,0,-395.9797975,395.9797975,0.221668005,7,-2,6.243842694,-3.743584968
16,1,1,6,FALSE,-15,135,100,0,0,-395.9797975,395.9797975,0.25430584,7,-2,6.243842694,-3.743584968
16,1,1,6,FALSE,-15,135,100,0,0,-395.9797975,395.9797975,0.288384914,7,-2,6.243842694,-3.743584968
16,1,1,6,FALSE,-15,135,100,0,0,-395.9797975,395.9797975,0.321791887,5,0,4.829629131,-1.294095226
16,1,1,6,FALSE,-15,135,100,0,0,-395.9797975,395.9797975,0.355118036,-3,5,-1.603682253,5.606086267
16,1,1,6,FALSE,-15,135,100,0,0,-395.9797975,395.9797975,0.388507843,-15,12,-11.38305885,15.47339559
16,1,1,6,FALSE,-15,135,100,0,0,-395.9797975,395.9797975,0.421247005,-32,20,-25.73324554,27.60072597
16,1,1,6,FALSE,-15,135,100,0,0,-395.9797975,395.9797975,0.45518589,-53,29,-43.68831649,41.72925835
16,1,1,6,FALSE,-15,135,100,0,0,-395.9797975,395.9797975,0.48839283,-77,41,-63.76470778,59.53202535
16,1,1,6,FALSE,-15,135,100,0,0,-395.9797975,395.9797975,0.521718979,-103,50,-86.54940785,74.95465296
16,1,1,6,FALSE,-15,135,100,0,0,-395.9797975,395.9797975,0.555236816,-130,61,-109.7823957,92.56795127
16,1,1,6,FALSE,-15,135,100,0,0,-395.9797975,395.9797975,0.588044882,-159,73,-134.6884161,111.6648135
16,1,1,6,FALSE,-15,135,100,0,0,-395.9797975,395.9797975,0.621991873,-186,85,-157.6625849,130.2440376
16,1,1,6,FALSE,-15,135,100,0,0,-395.9797975,395.9797975,0.655388832,-218,100,-184.6899256,153.0151345
16,1,1,6,FALSE,-15,135,100,0,0,-395.9797975,395.9797975,0.6886549,-251,115,-212.6831922,176.0450503
16,1,1,6,FALSE,-15,135,100,0,0,-395.9797975,395.9797975,0.722002983,-279,128,-236.3644678,195.8490193
16,1,1,6,FALSE,-15,135,100,0,0,-395.9797975,395.9797975,0.754707813,-313,147,-264.288384,223.0014576
16,1,1,6,FALSE,-15,135,100,0,0,-395.9797975,395.9797975,0.788822889,-345,164,-290.7980867,247.7044061
16,1,1,6,FALSE,-15,135,100,0,0,-395.9797975,395.9797975,0.822108984,-377,181,-317.3077893,272.4073546
16,1,1,6,FALSE,-15,135,100,0,0,-395.9797975,395.9797975,0.855160952,-405,197,-340.2126078,295.109101
16,1,1,6,FALSE,-15,135,100,0,0,-395.9797975,395.9797975,0.888360977,-435,217,-364.0140016,322.1921889
16,1,1,6,FALSE,-15,135,100,0,0,-395.9797975,395.9797975,0.922256947,-463,238,-385.6247248,349.7235645
16,1,1,6,FALSE,-15,135,100,0,0,-395.9797975,395.9797975,0.955396891,-486,255,-403.4410951,372.0971416
16,1,1,6,FALSE,-15,135,100,0,0,-395.9797975,395.9797975,0.988760948,-512,275,-423.3787857,398.1449533
16,1,1,6,FALSE,-15,135,100,0,0,-395.9797975,395.9797975,1.021912813,-537,294,-442.6093695,422.9680201
16,1,1,6,FALSE,-15,135,100,0,0,-395.9797975,395.9797975,1.055720806,-556,313,-456.0443983,446.2381727
16,1,1,6,FALSE,-15,135,100,0,0,-395.9797975,395.9797975,1.088821888,-578,330,-472.8948427,468.3529307
16,1,1,6,FALSE,-15,135,100,0,0,-395.9797975,395.9797975,1.122396946,-593,342,-484.2779016,483.8263263
16,1,1,6,FALSE,-15,135,100,0,0,-395.9797975,395.9797975,1.155720949,-609,356,-496.1092482,501.4903926
16,1,1,6,FALSE,-15,135,100,0,0,-395.9797975,395.9797975,1.189057827,-620,365,-504.4050608,513.0307346
16,1,1,6,FALSE,-15,135,100,0,0,-395.9797975,395.9797975,1.221807003,-627,373,-509.0959893,522.5698745
16,1,1,6,FALSE,-15,135,100,0,0,-395.9797975,395.9797975,1.255812883,-630,376,-511.2173096,526.2441091
16,1,1,6,FALSE,-15,135,100,0,0,-395.9797975,395.9797975,1.289216995,-631,377,-511.9244164,527.468854
16,1,1,6,FALSE,-15,135,100,0,0,-395.9797975,395.9797975,1.322461843,-631,377,-511.9244164,527.468854
16,1,1,6,FALSE,-15,135,100,0,0,-395.9797975,395.9797975,1.355845928,-631,377,-511.9244164,527.468854
16,1,1,6,FALSE,-15,135,100,0,0,-395.9797975,395.9797975,1.388684988,-631,377,-511.9244164,527.468854
16,1,1,6,FALSE,-15,135,100,0,0,-395.9797975,395.9797975,1.422472,-631,377,-511.9244164,527.468854
16,1,1,6,FALSE,-15,135,100,0,0,-395.9797975,395.9797975,1.45588088,-631,377,-511.9244164,527.468854
16,1,1,6,FALSE,-15,135,100,0,0,-395.9797975,395.9797975,1.488713026,-631,377,-511.9244164,527.468854
16,1,1,6,FALSE,-15,135,100,0,0,-395.9797975,395.9797975,1.522732973,-631,377,-511.9244164,527.468854
16,1,1,6,FALSE,-15,135,100,0,0,-395.9797975,395.9797975,1.556017876,-631,377,-511.9244164,527.468854
16,1,1,6,FALSE,-15,135,100,0,0,-395.9797975,395.9797975,1.589375973,-631,377,-511.9244164,527.468854
16,1,1,6,FALSE,-15,135,100,0,0,-395.9797975,395.9797975,1.622785807,-631,377,-511.9244164,527.468854
16,1,1,6,FALSE,-15,135,100,0,0,-395.9797975,395.9797975,1.656039953,-631,377,-511.9244164,527.468854
16,1,1,6,FALSE,-15,135,100,0,0,-395.9797975,395.9797975,1.68935585,-631,377,-511.9244164,527.468854
16,1,1,6,FALSE,-15,135,100,0,0,-395.9797975,395.9797975,1.722226858,-631,377,-511.9244164,527.468854
16,1,1,7,FALSE,-15,45,100,0,0,395.9797975,395.9797975,0.002156973,3,7,4.709510795,5.985023649
16,1,1,7,FALSE,-15,45,100,0,0,395.9797975,395.9797975,0.03810811,3,6,4.450691749,5.019097822
16,1,1,7,FALSE,-15,45,100,0,0,395.9797975,395.9797975,0.071429968,3,4,3.933053659,3.08724617
16,1,1,7,FALSE,-15,45,100,0,0,395.9797975,395.9797975,0.104387045,3,4,3.933053659,3.08724617
16,1,1,7,FALSE,-15,45,100,0,0,395.9797975,395.9797975,0.137950182,3,4,3.933053659,3.08724617
16,1,1,7,FALSE,-15,45,100,0,0,395.9797975,395.9797975,0.171534061,3,4,3.933053659,3.08724617
16,1,1,7,FALSE,-15,45,100,0,0,395.9797975,395.9797975,0.204918146,3,3,3.674234614,2.121320344
16,1,1,7,FALSE,-15,45,100,0,0,395.9797975,395.9797975,0.237799168,3,2,3.415415569,1.155394517
16,1,1,7,FALSE,-15,45,100,0,0,395.9797975,395.9797975,0.271630049,3,2,3.415415569,1.155394517
16,1,1,7,FALSE,-15,45,100,0,0,395.9797975,395.9797975,0.30489397,3,3,3.674234614,2.121320344
16,1,1,7,FALSE,-15,45,100,0,0,395.9797975,395.9797975,0.338308096,3,7,4.709510795,5.985023649
16,1,1,7,FALSE,-15,45,100,0,0,395.9797975,395.9797975,0.371018171,5,13,8.194276718,11.26294052
16,1,1,7,FALSE,-15,45,100,0,0,395.9797975,395.9797975,0.404978991,9,24,14.90498952,20.85284843
16,1,1,7,FALSE,-15,45,100,0,0,395.9797975,395.9797975,0.438340187,14,33,22.06399006,28.25208564
16,1,1,7,FALSE,-15,45,100,0,0,395.9797975,395.9797975,0.471624136,19,46,30.25826677,39.51502615
16,1,1,7,FALSE,-15,45,100,0,0,395.9797975,395.9797975,0.505077124,26,60,40.64321419,51.2262544
16,1,1,7,FALSE,-15,45,100,0,0,395.9797975,395.9797975,0.538341999,40,80,59.34255666,66.9213043
16,1,1,7,FALSE,-15,45,100,0,0,395.9797975,395.9797975,0.571704149,57,104,81.97495279,85.70360036
16,1,1,7,FALSE,-15,45,100,0,0,395.9797975,395.9797975,0.605249166,72,123,101.381402,100.1739054
16,1,1,7,FALSE,-15,45,100,0,0,395.9797975,395.9797975,0.638394117,92,149,127.4292137,120.111596
16,1,1,7,FALSE,-15,45,100,0,0,395.9797975,395.9797975,0.671951056,115,178,157.1512601,142.1706069
16,1,1,7,FALSE,-15,45,100,0,0,395.9797975,395.9797975,0.705116034,136,208,185.2002738,165.7131817
16,1,1,7,FALSE,-15,45,100,0,0,395.9797975,395.9797975,0.738653183,169,240,225.3580355,188.0817797
16,1,1,7,FALSE,-15,45,100,0,0,395.9797975,395.9797975,0.771996021,196,270,259.2026041,210.0714403
16,1,1,7,FALSE,-15,45,100,0,0,395.9797975,395.9797975,0.805508137,225,303,295.7554816,234.4412402
16,1,1,7,FALSE,-15,45,100,0,0,395.9797975,395.9797975,0.838695049,251,332,328.3753054,255.723794
16,1,1,7,FALSE,-15,45,100,0,0,395.9797975,395.9797975,0.872011185,283,366,368.0847793,280.2830627
16,1,1,7,FALSE,-15,45,100,0,0,395.9797975,395.9797975,0.905023098,315,395,406.5001581,300.0127022
16,1,1,7,FALSE,-15,45,100,0,0,395.9797975,395.9797975,0.938110113,340,418,436.6011418,315.7585201
16,1,1,7,FALSE,-15,45,100,0,0,395.9797975,395.9797975,0.971443176,370,441,471.5317546,330.2102427
16,1,1,7,FALSE,-15,45,100,0,0,395.9797975,395.9797975,1.005504131,393,460,498.6656105,342.6099954
16,1,1,7,FALSE,-15,45,100,0,0,395.9797975,395.9797975,1.038890123,404,470,511.878985,349.4222441
16,1,1,7,FALSE,-15,45,100,0,0,395.9797975,395.9797975,1.071901083,411,477,520.4521991,354.3719916
16,1,1,7,FALSE,-15,45,100,0,0,395.9797975,395.9797975,1.105530024,417,482,527.5418493,357.6487065
16,1,1,7,FALSE,-15,45,100,0,0,395.9797975,395.9797975,1.138887167,417,482,527.5418493,357.6487065
16,1,1,7,FALSE,-15,45,100,0,0,395.9797975,395.9797975,1.172315121,417,482,527.5418493,357.6487065
16,1,1,7,FALSE,-15,45,100,0,0,395.9797975,395.9797975,1.205528975,417,482,527.5418493,357.6487065
16,1,1,7,FALSE,-15,45,100,0,0,395.9797975,395.9797975,1.238985062,417,482,527.5418493,357.6487065
16,1,1,7,FALSE,-15,45,100,0,0,395.9797975,395.9797975,1.272371054,417,482,527.5418493,357.6487065
16,1,1,7,FALSE,-15,45,100,0,0,395.9797975,395.9797975,1.3055861,417,482,527.5418493,357.6487065
16,1,1,7,FALSE,-15,45,100,0,0,395.9797975,395.9797975,1.338925123,417,482,527.5418493,357.6487065
16,1,1,7,FALSE,-15,45,100,0,0,395.9797975,395.9797975,1.372289181,417,482,527.5418493,357.6487065
16,1,1,7,FALSE,-15,45,100,0,0,395.9797975,395.9797975,1.405179024,417,482,527.5418493,357.6487065
16,1,1,7,FALSE,-15,45,100,0,0,395.9797975,395.9797975,1.439012051,417,482,527.5418493,357.6487065
16,1,1,7,FALSE,-15,45,100,0,0,395.9797975,395.9797975,1.472486019,417,482,527.5418493,357.6487065
16,1,1,7,FALSE,-15,45,100,0,0,395.9797975,395.9797975,1.505172014,417,482,527.5418493,357.6487065
16,1,1,7,FALSE,-15,45,100,0,0,395.9797975,395.9797975,1.539108992,417,482,527.5418493,357.6487065
16,1,1,8,FALSE,-15,90,100,0,0,3.43E-14,560,0.001707077,-5,8,-2.759076771,9.021501836
16,1,1,8,FALSE,-15,90,100,0,0,3.43E-14,560,0.021573067,-6,7,-3.983821642,8.314395055
16,1,1,8,FALSE,-15,90,100,0,0,3.43E-14,560,0.0551579,-7,6,-5.208566513,7.607288273
16,1,1,8,FALSE,-15,90,100,0,0,3.43E-14,560,0.088177919,-7,6,-5.208566513,7.607288273
16,1,1,8,FALSE,-15,90,100,0,0,3.43E-14,560,0.121905088,-7,6,-5.208566513,7.607288273
16,1,1,8,FALSE,-15,90,100,0,0,3.43E-14,560,0.155287981,-7,6,-5.208566513,7.607288273
16,1,1,8,FALSE,-15,90,100,0,0,3.43E-14,560,0.188000917,-7,6,-5.208566513,7.607288273
16,1,1,8,FALSE,-15,90,100,0,0,3.43E-14,560,0.221993923,-6,3,-5.019097822,4.450691749
16,1,1,8,FALSE,-15,90,100,0,0,3.43E-14,560,0.255212069,-6,3,-5.019097822,4.450691749
16,1,1,8,FALSE,-15,90,100,0,0,3.43E-14,560,0.288173914,-6,3,-5.019097822,4.450691749
16,1,1,8,FALSE,-15,90,100,0,0,3.43E-14,560,0.322115898,-6,3,-5.019097822,4.450691749
16,1,1,8,FALSE,-15,90,100,0,0,3.43E-14,560,0.355244875,-6,3,-5.019097822,4.450691749
16,1,1,8,FALSE,-15,90,100,0,0,3.43E-14,560,0.388417959,-6,3,-5.019097822,4.450691749
16,1,1,8,FALSE,-15,90,100,0,0,3.43E-14,560,0.422128916,-6,3,-5.019097822,4.450691749
16,1,1,8,FALSE,-15,90,100,0,0,3.43E-14,560,0.455540895,-6,7,-3.983821642,8.314395055
16,1,1,8,FALSE,-15,90,100,0,0,3.43E-14,560,0.488883972,-6,22,-0.101535965,22.80328245
16,1,1,8,FALSE,-15,90,100,0,0,3.43E-14,560,0.521760941,-6,39,4.298387801,39.2240215
16,1,1,8,FALSE,-15,90,100,0,0,3.43E-14,560,0.555621862,-6,67,11.54532106,66.26994463
16,1,1,8,FALSE,-15,90,100,0,0,3.43E-14,560,0.589008093,-8,95,16.86040267,93.83350586
16,1,1,8,FALSE,-15,90,100,0,0,3.43E-14,560,0.622355938,-13,123,19.27770681,122.1735242
16,1,1,8,FALSE,-15,90,100,0,0,3.43E-14,560,0.655660868,-18,151,21.69501094,150.5135426
16,1,1,8,FALSE,-15,90,100,0,0,3.43E-14,560,0.689030886,-24,186,24.95812256,185.8738608
16,1,1,8,FALSE,-15,90,100,0,0,3.43E-14,560,0.722254992,-30,225,29.25651036,225.0978823
16,1,1,8,FALSE,-15,90,100,0,0,3.43E-14,560,0.75505805,-34,263,35.22793077,262.8383398
16,1,1,8,FALSE,-15,90,100,0,0,3.43E-14,560,0.789144039,-41,309,40.37212606,309.0826612
16,1,1,8,FALSE,-15,90,100,0,0,3.43E-14,560,0.822426081,-49,355,44.55039552,355.5858015
16,1,1,8,FALSE,-15,90,100,0,0,3.43E-14,560,0.855799913,-54,402,51.88526151,402.2784106
16,1,1,8,FALSE,-15,90,100,0,0,3.43E-14,560,0.889204025,-62,440,53.99297862,441.0541444
16,1,1,8,FALSE,-15,90,100,0,0,3.43E-14,560,0.922179937,-69,480,57.58425964,481.5029107
16,1,1,8,FALSE,-15,90,100,0,0,3.43E-14,560,0.955789089,-73,522,64.59095622,523.1070716
16,1,1,8,FALSE,-15,90,100,0,0,3.43E-14,560,0.988790035,-77,554,69.00946236,555.0519742
16,1,1,8,FALSE,-15,90,100,0,0,3.43E-14,560,1.022270918,-80,586,74.39389433,586.7380578
16,1,1,8,FALSE,-15,90,100,0,0,3.43E-14,560,1.055422068,-83,611,77.96659298,611.6626606
16,1,1,8,FALSE,-15,90,100,0,0,3.43E-14,560,1.089304924,-85,623,79.14056986,623.7714086
16,1,1,8,FALSE,-15,90,100,0,0,3.43E-14,560,1.122678041,-87,638,81.09100389,638.7779341
16,1,1,8,FALSE,-15,90,100,0,0,3.43E-14,560,1.155691862,-89,647,81.48852364,647.9889046
16,1,1,8,FALSE,-15,90,100,0,0,3.43E-14,560,1.189476013,-89,651,82.52379982,651.8526079
16,1,1,8,FALSE,-15,90,100,0,0,3.43E-14,560,1.222569942,-89,651,82.52379982,651.8526079
16,1,1,8,FALSE,-15,90,100,0,0,3.43E-14,560,1.255706072,-89,651,82.52379982,651.8526079
16,1,1,8,FALSE,-15,90,100,0,0,3.43E-14,560,1.289496899,-89,651,82.52379982,651.8526079
16,1,1,8,FALSE,-15,90,100,0,0,3.43E-14,560,1.322835922,-89,651,82.52379982,651.8526079
16,1,1,8,FALSE,-15,90,100,0,0,3.43E-14,560,1.355604887,-89,651,82.52379982,651.8526079
16,1,1,8,FALSE,-15,90,100,0,0,3.43E-14,560,1.389545918,-89,651,82.52379982,651.8526079
16,1,1,8,FALSE,-15,90,100,0,0,3.43E-14,560,1.422913074,-89,651,82.52379982,651.8526079
16,1,1,8,FALSE,-15,90,100,0,0,3.43E-14,560,1.456058025,-89,650,82.26498078,650.8866821
16,1,1,8,FALSE,-15,90,100,0,0,3.43E-14,560,1.489479065,-89,650,82.26498078,650.8866821
16,1,1,8,FALSE,-15,90,100,0,0,3.43E-14,560,1.522456884,-89,650,82.26498078,650.8866821
16,1,1,8,FALSE,-15,90,100,0,0,3.43E-14,560,1.556283951,-89,650,82.26498078,650.8866821
16,1,1,8,FALSE,-15,90,100,0,0,3.43E-14,560,1.589614868,-89,650,82.26498078,650.8866821
16,1,1,8,FALSE,-15,90,100,0,0,3.43E-14,560,1.622490883,-89,650,82.26498078,650.8866821
16,1,1,9,FALSE,-15,135,100,0,0,-395.9797975,395.9797975,0.002152205,-12,-3,-12.36756705,0.208051062
16,1,1,9,FALSE,-15,135,100,0,0,-395.9797975,395.9797975,0.038501024,-12,-7,-13.40284323,-3.655652243
16,1,1,9,FALSE,-15,135,100,0,0,-395.9797975,395.9797975,0.07189703,-11,-10,-13.21337454,-6.812248767
16,1,1,9,FALSE,-15,135,100,0,0,-395.9797975,395.9797975,0.105237007,-11,-10,-13.21337454,-6.812248767
16,1,1,9,FALSE,-15,135,100,0,0,-395.9797975,395.9797975,0.138602018,-11,-10,-13.21337454,-6.812248767
16,1,1,9,FALSE,-15,135,100,0,0,-395.9797975,395.9797975,0.171947002,-11,-10,-13.21337454,-6.812248767
16,1,1,9,FALSE,-15,135,100,0,0,-395.9797975,395.9797975,0.20520401,-11,-10,-13.21337454,-6.812248767
16,1,1,9,FALSE,-15,135,100,0,0,-395.9797975,395.9797975,0.238676071,-9,-11,-11.54034193,-8.295812683
16,1,1,9,FALSE,-15,135,100,0,0,-395.9797975,395.9797975,0.272088051,-8,-11,-10.57441611,-8.554631728
16,1,1,9,FALSE,-15,135,100,0,0,-395.9797975,395.9797975,0.305305004,-8,-11,-10.57441611,-8.554631728
16,1,1,9,FALSE,-15,135,100,0,0,-395.9797975,395.9797975,0.338474989,-8,-11,-10.57441611,-8.554631728
16,1,1,9,FALSE,-15,135,100,0,0,-395.9797975,395.9797975,0.371982098,-8,-11,-10.57441611,-8.554631728
16,1,1,9,FALSE,-15,135,100,0,0,-395.9797975,395.9797975,0.405479193,-8,-11,-10.57441611,-8.554631728
16,1,1,9,FALSE,-15,135,100,0,0,-395.9797975,395.9797975,0.438830137,-8,-11,-10.57441611,-8.554631728
16,1,1,9,FALSE,-15,135,100,0,0,-395.9797975,395.9797975,0.472235203,-12,-5,-12.88520514,-1.72380059
16,1,1,9,FALSE,-15,135,100,0,0,-395.9797975,395.9797975,0.505536079,-20,4,-18.28324035,9.040084207
16,1,1,9,FALSE,-15,135,100,0,0,-395.9797975,395.9797975,0.538783073,-35,15,-29.92511824,23.54755397
16,1,1,9,FALSE,-15,135,100,0,0,-395.9797975,395.9797975,0.571570158,-56,28,-46.84491301,41.53978966
16,1,1,9,FALSE,-15,135,100,0,0,-395.9797975,395.9797975,0.605574131,-78,40,-64.98945265,58.82491857
16,1,1,9,FALSE,-15,135,100,0,0,-395.9797975,395.9797975,0.639003992,-104,55,-86.22123845,80.04310114
16,1,1,9,FALSE,-15,135,100,0,0,-395.9797975,395.9797975,0.672173977,-131,71,-108.160131,102.4860286
16,1,1,9,FALSE,-15,135,100,0,0,-395.9797975,395.9797975,0.705701113,-156,86,-128.425991,123.4453921
16,1,1,9,FALSE,-15,135,100,0,0,-395.9797975,395.9797975,0.738994122,-194,108,-159.4371534,154.530884
16,1,1,9,FALSE,-15,135,100,0,0,-395.9797975,395.9797975,0.7723701,-226,124,-186.2056751,178.2679067
16,1,1,9,FALSE,-15,135,100,0,0,-395.9797975,395.9797975,0.805855989,-266,144,-219.6663273,207.939185
16,1,1,9,FALSE,-15,135,100,0,0,-395.9797975,395.9797975,0.838675976,-300,160,-248.3667007,232.1938457
16,1,1,9,FALSE,-15,135,100,0,0,-395.9797975,395.9797975,0.872488976,-341,180,-282.7932786,262.1239431
16,1,1,9,FALSE,-15,135,100,0,0,-395.9797975,395.9797975,0.905704021,-382,201,-316.9610376,293.0199663
16,1,1,9,FALSE,-15,135,100,0,0,-395.9797975,395.9797975,0.938717127,-417,217,-346.6273368,317.5334461
16,1,1,9,FALSE,-15,135,100,0,0,-395.9797975,395.9797975,0.972334147,-456,238,-378.8632441,347.9118312
16,1,1,9,FALSE,-15,135,100,0,0,-395.9797975,395.9797975,1.005872011,-492,256,-408.977831,374.6159817
16,1,1,9,FALSE,-15,135,100,0,0,-395.9797975,395.9797975,1.039426088,-527,272,-438.6441302,399.1294615
16,1,1,9,FALSE,-15,135,100,0,0,-395.9797975,395.9797975,1.072627068,-553,285,-460.3935541,418.4157924
16,1,1,9,FALSE,-15,135,100,0,0,-395.9797975,395.9797975,1.106016159,-580,300,-482.5912657,439.892794
16,1,1,9,FALSE,-15,135,100,0,0,-395.9797975,395.9797975,1.138729095,-602,314,-500.2181673,459.1097746
16,1,1,9,FALSE,-15,135,100,0,0,-395.9797975,395.9797975,1.172655106,-615,321,-510.9634697,469.235903
16,1,1,9,FALSE,-15,135,100,0,0,-395.9797975,395.9797975,1.206117153,-629,331,-521.8982408,482.5186279
16,1,1,9,FALSE,-15,135,100,0,0,-395.9797975,395.9797975,1.239374161,-640,339,-530.4528725,493.093044
16,1,1,9,FALSE,-15,135,100,0,0,-395.9797975,395.9797975,1.272828102,-647,344,-535.9202581,499.7344064
16,1,1,9,FALSE,-15,135,100,0,0,-395.9797975,395.9797975,1.306193113,-650,346,-538.3003975,502.4427152
16,1,1,9,FALSE,-15,135,100,0,0,-395.9797975,395.9797975,1.339187145,-651,346,-539.2663233,502.7015343
16,1,1,9,FALSE,-15,135,100,0,0,-395.9797975,395.9797975,1.372910023,-651,346,-539.2663233,502.7015343
16,1,1,9,FALSE,-15,135,100,0,0,-395.9797975,395.9797975,1.406088114,-651,346,-539.2663233,502.7015343
16,1,1,9,FALSE,-15,135,100,0,0,-395.9797975,395.9797975,1.439443111,-651,346,-539.2663233,502.7015343
16,1,1,9,FALSE,-15,135,100,0,0,-395.9797975,395.9797975,1.472343206,-651,346,-539.2663233,502.7015343
16,1,1,9,FALSE,-15,135,100,0,0,-395.9797975,395.9797975,1.506297112,-651,346,-539.2663233,502.7015343
16,1,1,9,FALSE,-15,135,100,0,0,-395.9797975,395.9797975,1.539672136,-651,346,-539.2663233,502.7015343
16,1,1,9,FALSE,-15,135,100,0,0,-395.9797975,395.9797975,1.573033094,-651,346,-539.2663233,502.7015343
16,1,1,9,FALSE,-15,135,100,0,0,-395.9797975,395.9797975,1.606334209,-651,346,-539.2663233,502.7015343
16,1,1,9,FALSE,-15,135,100,0,0,-395.9797975,395.9797975,1.639712095,-651,346,-539.2663233,502.7015343
16,1,1,9,FALSE,-15,135,100,0,0,-395.9797975,395.9797975,1.672476053,-651,346,-539.2663233,502.7015343
16,1,1,9,FALSE,-15,135,100,0,0,-395.9797975,395.9797975,1.706449986,-651,346,-539.2663233,502.7015343
16,1,1,9,FALSE,-15,135,100,0,0,-395.9797975,395.9797975,1.739682198,-651,346,-539.2663233,502.7015343
